{"cameraMode":{"drawMode":0,"name":"Shaded","section":"Shading Mode"},"sceneLighting":true,"audioPlay":false,"sceneViewState":{"m_AlwaysRefresh":false,"showFog":true,"showSkybox":true,"showFlares":true,"showImageEffects":true,"showParticleSystems":true,"showVisualEffectGraphs":true,"m_FxEnabled":true},"in2DMode":false,"pivot":{"x":16.627241134643556,"y":-1.8428244590759278,"z":43.62588119506836},"rotation":{"x":0.11256276816129685,"y":0.5593655705451965,"z":-0.07700776308774948,"w":0.8176303505897522},"size":13.553558349609375,"orthographic":false}